ID,JobTitle,EmailAddress,FirstNameLastName,CreditCard,CreditCardType
1,Project Manager,Remy_Crawford1065@typill.biz,Remy Crawford,6205-7258-7671-0612,Capital One
2,Investment  Advisor,Clint_Thorpe5003@bulaffy.com,Clint Thorpe,7083-8766-0251-2345,American Express
3,Cook,Russel_Hooper9403@bulaffy.com,Russel Hooper,6378-4461-8535-5847,Discover
4,Business Broker,Benjamin_Rowan6280@gembat.biz,Benjamin Rowan,5781-7635-1428-7414,Discover
5,Loan Officer,Matt_Lloyd3241@guentu.biz,Matt Lloyd,5771-8416-2736-1700,Citibank
6,Cash Manager,Domenic_Bell1507@brety.org,Domenic Bell,8025-0056-4707-1245,MasterCard
7,Business Broker,Harry_Kennedy245@gmail.com,Harry Kennedy,1422-4235-8541-1784,MasterCard
8,Stockbroker,Christy_Emerson9521@supunk.biz,Christy Emerson,4763-6567-5460-0768,Discover
9,Associate Professor,Elly_Wright4017@jiman.org,Elly Wright,8364-4075-7278-4845,Maestro
10,Treasurer,Rufus_Lyon2653@twace.org,Rufus Lyon,8512-0806-3001-7570,Bank of America
11,Production Painter,Morgan_Young1920@acrit.org,Morgan Young,0031-6632-2223-4501,MasterCard
12,Retail Trainee,Phillip_Carpenter9505@famism.biz,Phillip Carpenter,3657-0088-0820-5247,American Express
13,Treasurer,Ilona_Notman2221@grannar.com,Ilona Notman,6701-8641-8334-1664,MasterCard
14,Food Technologist,Laila_Ballard1579@twace.org,Laila Ballard,2610-4883-2454-8247,Maestro
15,Mobile Developer,Alexander_Radcliffe8448@gompie.com,Alexander Radcliffe,8500-5740-2860-5071,Discover
16,Insurance Broker,Lindsay_Speed8496@jiman.org,Lindsay Speed,8447-1205-1550-3637,Citibank
17,Systems Administrator,Logan_Umney9124@womeona.net,Logan Umney,2858-5205-5402-8268,Maestro
18,Accountant,Kamila_Stanley8141@vetan.org,Kamila Stanley,8045-1052-8885-1824,Maestro
19,Production Painter,Tania_Huggins911@fuliss.net,Tania Huggins,3730-0802-5148-6556,Chase
20,Cook,Domenic_Carter252@extex.org,Domenic Carter,2820-8547-1064-4183,Discover
21,Audiologist,Liv_Lane5399@bretoux.com,Liv Lane,5721-1200-6352-0432,Visa
22,Staffing Consultant,Gina_Overson5363@nimogy.biz,Gina Overson,2871-4456-3450-7544,Citibank
23,Physician,Tyson_Franks27@hourpy.biz,Tyson Franks,5222-3537-0581-5663,UnionPay
24,Bookkeeper,Rufus_Bentley4108@fuliss.net,Rufus Bentley,8138-0636-0065-7816,UnionPay
25,Physician,Jacqueline_Osmond1980@infotech44.tech,Jacqueline Osmond,1678-8088-8372-1615,Discover
26,Banker,Tania_Quinn6931@cispeto.com,Tania Quinn,8686-2013-7133-0063,Discover
27,Fabricator,Isabel_Redden1090@sheye.org,Isabel Redden,4857-0176-0370-6874,Visa
28,Project Manager,Russel_Graves1378@extex.org,Russel Graves,6718-4818-8011-6024,American Express
29,Design Engineer,Nicholas_Sylvester802@liret.org,Nicholas Sylvester,1305-6121-0676-2107,UnionPay
30,Cashier,Winnie_Gray7029@deavo.com,Winnie Gray,2153-6618-7375-1260,Bank of America
31,Doctor,Chelsea_Lucas5667@fuliss.net,Chelsea Lucas,3731-5883-8065-7803,Capital One
32,HR Coordinator,Analise_Weasley434@elnee.tech,Analise Weasley,8036-8876-3464-7777,Maestro
33,Electrician,Daphne_Rose2866@liret.org,Daphne Rose,2613-0861-0335-2612,Citibank
34,Ambulatory Nurse,Alan_Coll689@twace.org,Alan Coll,2358-6417-0170-6815,Chase
35,Fabricator,Agnes_Jennson1104@nickia.com,Agnes Jennson,4653-3251-8811-5468,Citibank
36,Mobile Developer,Daron_Tyrrell3117@corti.com,Daron Tyrrell,4602-3063-5462-4380,Bank of America
37,CNC Operator,Mary_Woodley2673@gembat.biz,Mary Woodley,2553-7085-1762-8352,Wells Fargo
38,Web Developer,Melania_Lee2367@mafthy.com,Melania Lee,6088-8850-2705-3210,MasterCard
39,Stockbroker,Leanne_Newton1268@typill.biz,Leanne Newton,5438-0816-4166-4847,American Express
40,Global Logistics Supervisor,Henry_Oatway7245@bretoux.com,Henry Oatway,4065-6643-8160-8868,Chase
41,Web Developer,Nathan_Kirby4985@naiker.biz,Nathan Kirby,2670-6447-2566-1346,Discover
42,Audiologist,Caitlyn_Harris6055@tonsy.org,Caitlyn Harris,4131-3838-8715-7116,Visa
43,Audiologist,Ramon_Hunt6049@kideod.biz,Ramon Hunt,8225-4542-2136-6615,Bank of America
44,IT Support Staff,Kendra_Rowe9597@tonsy.org,Kendra Rowe,7537-4711-1276-5640,UnionPay
45,Chef Manager,Rowan_Shea1292@dionrab.com,Rowan Shea,4757-2183-5374-1642,Visa
46,Doctor,Ilona_Cox36@eirey.tech,Ilona Cox,0881-8168-5805-4286,Wells Fargo
47,IT Support Staff,Marissa_Amstead9020@atink.com,Marissa Amstead,1055-6387-0584-7138,Discover
48,Investment  Advisor,Rebecca_Grey8444@typill.biz,Rebecca Grey,7715-7017-0032-3427,Bank of America
49,CNC Operator,Owen_Haines4054@bungar.biz,Owen Haines,8865-2460-2370-7520,Discover
50,Associate Professor,Selena_Steer3451@bulaffy.com,Selena Steer,4067-5448-8705-3230,Wells Fargo
51,Investment  Advisor,Johnny_Hobbs6802@eirey.tech,Johnny Hobbs,1087-2434-3728-0607,MasterCard
52,Cash Manager,Hank_Lane5980@eirey.tech,Hank Lane,1506-8130-7417-4010,Wells Fargo
53,Biologist,David_Olson6310@liret.org,David Olson,5703-0573-0581-8012,UnionPay
54,Production Painter,Nina_Owen9489@gompie.com,Nina Owen,0207-1503-5346-5238,Citibank
55,Clerk,Matt_Adams3562@ovock.tech,Matt Adams,7254-2550-1362-1454,Discover
56,Laboratory Technician,Wade_Summers6636@brety.org,Wade Summers,1142-5310-6655-4588,Visa
57,Budget Analyst,Tony_Giles1960@iatim.tech,Tony Giles,8130-3425-7573-7745,American Express
58,Systems Administrator,Marvin_Gunn6317@corti.com,Marvin Gunn,5241-8630-7873-8114,MasterCard
59,Paramedic,Wade_Osman7248@sveldo.biz,Wade Osman,3554-3376-8561-1512,Discover
60,Systems Administrator,Nick_Andrews7603@deavo.com,Nick Andrews,8335-4304-1050-6575,Citibank
61,Doctor,Julius_Hudson3301@infotech44.tech,Julius Hudson,7622-3780-1820-8033,Chase
62,CNC Operator,Owen_Allcott5125@bauros.biz,Owen Allcott,4156-0107-7210-2630,American Express
63,Systems Administrator,Liliana_Carter7208@jiman.org,Liliana Carter,4002-5265-4505-1161,MasterCard
64,Bookkeeper,Marvin_Veale1904@vetan.org,Marvin Veale,2821-3462-2303-0744,Capital One
65,Fabricator,Caleb_Cassidy438@extex.org,Caleb Cassidy,1744-5780-8468-7044,Capital One
66,Mobile Developer,Mya_King2505@deavo.com,Mya King,2786-2161-3447-4455,Capital One
67,Assistant Buyer,Abbey_Flanders597@supunk.biz,Abbey Flanders,8125-3062-6276-1406,UnionPay
68,Project Manager,Liam_Lynn3280@kideod.biz,Liam Lynn,7152-3247-6053-2233,American Express
69,Electrician,Erick_Wellington505@irrepsy.com,Erick Wellington,7875-7615-4748-2157,Chase
70,Global Logistics Supervisor,Jamie_Gray9867@yahoo.com,Jamie Gray,5256-2237-5830-4507,Capital One
71,Lecturer,Logan_Michael1305@nickia.com,Logan Michael,5763-1350-7520-3532,Citibank
72,Audiologist,Nick_Morris6523@atink.com,Nick Morris,6450-1322-4742-5753,Citibank
73,Biologist,Zara_Kelly8902@eirey.tech,Zara Kelly,6764-1038-8026-1613,Chase
74,Dentist,Regina_Woodcock5820@yahoo.com,Regina Woodcock,0208-1753-3870-8002,American Express
75,Clerk,Logan_Anderson8354@muall.tech,Logan Anderson,2788-5607-2366-3240,Chase
76,Web Developer,Charlize_Benfield1039@bauros.biz,Charlize Benfield,8814-2858-7221-3376,Visa
77,Web Developer,Barney_Riley6813@vetan.org,Barney Riley,8632-3080-6254-5510,Citibank
78,Business Broker,Rick_Edwards9166@corti.com,Rick Edwards,6747-0304-6147-0185,MasterCard
79,Lecturer,Remy_Vaughan8074@twipet.com,Remy Vaughan,6617-5671-7115-1004,Capital One
80,Insurance Broker,Mavis_Flanders4645@iatim.tech,Mavis Flanders,4843-2145-7055-2347,Chase
81,HR Specialist,Carter_Wallace9614@atink.com,Carter Wallace,4256-7201-6717-4322,American Express
82,Cook,Vera_Avery8052@womeona.net,Vera Avery,1764-7042-1226-5002,Bank of America
83,Stockbroker,Alexander_Huggins7943@deons.tech,Alexander Huggins,2460-4583-8540-8766,Citibank
84,Cook,Alma_Everett4997@acrit.org,Alma Everett,8330-6356-2615-0201,Capital One
85,Global Logistics Supervisor,Marvin_Reid7926@bretoux.com,Marvin Reid,3234-3554-1806-3082,MasterCard
86,Staffing Consultant,Brooklyn_Duvall6367@nimogy.biz,Brooklyn Duvall,5356-3431-8588-5071,Wells Fargo
87,Electrician,Chad_Mullins9299@twipet.com,Chad Mullins,7818-7020-6066-0813,Wells Fargo
88,Project Manager,Lucy_Latham3334@bretoux.com,Lucy Latham,7684-0613-7625-8222,Wells Fargo
89,Inspector,Dorothy_Gordon7252@guentu.biz,Dorothy Gordon,3582-4375-3185-8087,Capital One
90,Systems Administrator,David_Ring7929@mafthy.com,David Ring,7855-7234-8266-8574,Maestro
91,Insurance Broker,Mason_Lee7893@gmail.com,Mason Lee,3041-7301-0303-3203,UnionPay
92,Staffing Consultant,Maia_Stark2797@jiman.org,Maia Stark,3851-1403-1734-6321,American Express
93,Retail Trainee,John_Richardson7481@iatim.tech,John Richardson,3771-4034-8432-8335,Maestro
94,Bellman,Ryan_Stewart9634@infotech44.tech,Ryan Stewart,7018-1875-7414-6004,Wells Fargo
95,Baker,Barney_Ebbs3496@deons.tech,Barney Ebbs,5114-5536-7367-8526,UnionPay
96,Design Engineer,Anthony_Welsch9633@jiman.org,Anthony Welsch,7137-8037-2575-2550,Bank of America
97,Stockbroker,Ciara_Lomax982@bauros.biz,Ciara Lomax,3702-3440-2472-5424,American Express
98,Webmaster,Roger_Walsh3414@fuliss.net,Roger Walsh,1715-0341-7800-4452,Chase
99,Bookkeeper,Benny_Verdon7869@acrit.org,Benny Verdon,0568-6710-4464-2882,MasterCard
100,IT Support Staff,Logan_Booth1361@bulaffy.com,Logan Booth,8763-8068-8511-7223,UnionPay
101,Investment  Advisor,Harry_Hall4872@cispeto.com,Harry Hall,2022-8687-3282-0601,MasterCard
102,Ambulatory Nurse,Michael_Jeffery206@deavo.com,Michael Jeffery,4570-7035-5853-4117,Chase
103,Executive Director,Kimberly_Wright1384@tonsy.org,Kimberly Wright,0268-6867-0612-4832,MasterCard
104,Software Engineer,Andrea_Hobson8456@mafthy.com,Andrea Hobson,1441-4347-5278-2825,Chase
105,Insurance Broker,Jayden_Gibbons5308@hourpy.biz,Jayden Gibbons,7510-0024-0464-3248,Visa
106,Service Supervisor,Alan_Beal5846@iatim.tech,Alan Beal,7535-3620-6524-1418,Discover
107,Cook,Mark_Oswald337@joiniaa.com,Mark Oswald,3370-4228-0125-5362,Discover
108,Web Developer,Alan_Tate8854@sveldo.biz,Alan Tate,4102-5681-2372-1043,Citibank
109,Accountant,Cristal_Norris7765@hourpy.biz,Cristal Norris,8138-2758-7125-4730,Chase
110,Ambulatory Nurse,Anthony_Partridge5764@guentu.biz,Anthony Partridge,2211-3350-1371-8600,Capital One
111,Business Broker,Tony_Veale2744@nimogy.biz,Tony Veale,3731-3227-5681-4825,Discover
112,Chef Manager,Rachael_Bayliss8221@naiker.biz,Rachael Bayliss,3744-2118-4378-6106,Wells Fargo
113,Health Educator,Eden_Thorne532@kideod.biz,Eden Thorne,3265-8384-2428-8103,Capital One
114,Auditor,Chuck_Thomas3048@naiker.biz,Chuck Thomas,4020-7353-3107-4716,Chase
115,Fabricator,Manuel_Shelton5599@famism.biz,Manuel Shelton,6334-3032-8386-7575,Visa
116,Staffing Consultant,Isabel_Ellwood1475@fuliss.net,Isabel Ellwood,3738-0882-0066-6683,American Express
117,Doctor,Jacob_Milner9300@fuliss.net,Jacob Milner,5534-6374-5803-4411,Visa
118,Lecturer,Marilyn_Grant438@vetan.org,Marilyn Grant,3108-1341-3737-2503,Chase
119,Food Technologist,Callie_Reynolds1898@grannar.com,Callie Reynolds,7243-0302-5344-3286,Visa
120,Budget Analyst,Lexi_Rogan8851@joiniaa.com,Lexi Rogan,7488-2874-7165-7631,Wells Fargo
121,Cash Manager,Judith_Kaur9513@deavo.com,Judith Kaur,2265-6237-6225-1144,Wells Fargo
122,Executive Director,Denis_Weston6437@infotech44.tech,Denis Weston,6205-6711-0573-1040,Bank of America
123,Banker,Tony_Edwards6996@gembat.biz,Tony Edwards,7603-3178-8011-7801,UnionPay
124,IT Support Staff,Denis_Bentley1511@vetan.org,Denis Bentley,4684-5383-1016-1401,MasterCard
125,IT Support Staff,Cameron_Allen2322@ovock.tech,Cameron Allen,3261-0630-6165-7023,Bank of America
126,Auditor,Jack_Mccall3362@bulaffy.com,Jack Mccall,7865-7311-2187-3707,Discover
127,Cash Manager,Oliver_Lunt569@bretoux.com,Oliver Lunt,6220-0412-0351-2651,Bank of America
128,Web Developer,Jolene_Reynolds9508@famism.biz,Jolene Reynolds,3575-2480-2565-5217,Visa
129,Clerk,Harvey_Nash6502@jiman.org,Harvey Nash,7027-3400-8045-7441,Citibank
130,Production Painter,Aleksandra_Andersson9641@mafthy.com,Aleksandra Andersson,6088-3346-1220-2748,Citibank
131,Business Broker,Gwenyth_Hunt534@bauros.biz,Gwenyth Hunt,0652-5250-5713-3882,Bank of America
132,Insurance Broker,Chadwick_Blackburn9324@dionrab.com,Chadwick Blackburn,5083-3141-5835-2074,Visa
133,Web Developer,Eileen_Burnley3255@guentu.biz,Eileen Burnley,1133-6788-1871-7473,Wells Fargo
134,Chef Manager,Rufus_Farmer3047@tonsy.org,Rufus Farmer,4144-7680-8354-5514,Citibank
135,Steward,Jocelyn_Moran8514@bretoux.com,Jocelyn Moran,3847-6831-3858-5087,Citibank
136,Healthcare Specialist,Nicholas_Pearson3012@eirey.tech,Nicholas Pearson,2374-1618-7465-7727,UnionPay
137,Bookkeeper,Julius_Preston5894@iatim.tech,Julius Preston,3323-6545-0018-5863,Capital One
138,Associate Professor,Aleksandra_Logan7526@brety.org,Aleksandra Logan,0210-5386-8713-6525,Maestro
139,Front Desk Coordinator,Beatrice_Willis8490@sveldo.biz,Beatrice Willis,8466-7417-4022-7367,UnionPay
140,Banker,Jules_Poulton1014@muall.tech,Jules Poulton,1354-4035-7543-1021,Visa
141,Budget Analyst,Cedrick_Griffiths4021@zorer.org,Cedrick Griffiths,4777-5571-8472-2714,Citibank
142,Call Center Representative,Daniel_Dann7047@twace.org,Daniel Dann,5585-0072-1257-8811,UnionPay
143,Insurance Broker,Rebecca_Lynch4293@bungar.biz,Rebecca Lynch,6021-5882-2782-6475,Citibank
144,Inspector,Tyler_Yoman3293@nickia.com,Tyler Yoman,0771-3657-3436-8114,Maestro
145,Healthcare Specialist,Karla_Wren3859@sveldo.biz,Karla Wren,4082-6776-8720-6821,Bank of America
146,Audiologist,Rosemary_Stevenson6023@gmail.com,Rosemary Stevenson,2663-5881-1874-4487,Bank of America
147,Investment  Advisor,Johnny_Beal529@hourpy.biz,Johnny Beal,0617-0040-7635-6685,Chase
148,CNC Operator,Abdul_Townend2202@infotech44.tech,Abdul Townend,4224-1226-3557-3448,American Express
149,Budget Analyst,Mark_Slater7583@vetan.org,Mark Slater,2285-4660-3635-6676,UnionPay
150,Fabricator,Caleb_Poulton1735@atink.com,Caleb Poulton,8203-6875-5225-0341,American Express
151,Restaurant Manager,Ronald_Lewis6777@deavo.com,Ronald Lewis,7212-0155-5014-8471,American Express
152,Health Educator,Sienna_Buckley3263@nanoff.biz,Sienna Buckley,6200-1344-2606-3532,Citibank
153,Pharmacist,Logan_Phillips5510@vetan.org,Logan Phillips,3621-3464-0520-1551,Capital One
154,Bellman,Faith_Seymour3829@twace.org,Faith Seymour,4170-5186-6887-6558,American Express
155,Audiologist,Eileen_Styles7729@ovock.tech,Eileen Styles,1814-5623-0272-5240,Discover
156,Production Painter,Nick_Chappell5282@ovock.tech,Nick Chappell,5654-0733-8503-3875,UnionPay
157,Restaurant Manager,Hanna_Eastwood4725@nanoff.biz,Hanna Eastwood,5231-8507-2436-4627,Wells Fargo
158,Cash Manager,Allison_Savage7188@joiniaa.com,Allison Savage,8327-8283-3324-4474,Visa
159,Designer,Noemi_Ulyatt6551@mafthy.com,Noemi Ulyatt,8011-6740-2184-1656,Wells Fargo
160,Retail Trainee,Davina_Moss147@ovock.tech,Davina Moss,6602-8511-4711-1077,Visa
161,Audiologist,Morgan_Little7676@typill.biz,Morgan Little,1011-1176-7187-1062,Chase
162,Bellman,Norah_Thorpe1830@qater.org,Norah Thorpe,7524-3631-7658-0764,Capital One
163,Service Supervisor,Daron_Jefferson1096@bretoux.com,Daron Jefferson,4261-5408-8465-7465,Bank of America
164,Lecturer,Henry_Fox3843@acrit.org,Henry Fox,2034-6817-2581-7854,MasterCard
165,Loan Officer,Doug_Herbert6079@atink.com,Doug Herbert,0516-7446-0481-3621,Chase
166,Call Center Representative,Michael_Kennedy8633@hourpy.biz,Michael Kennedy,1351-5812-2585-6133,Discover
167,Software Engineer,Stephanie_Potts1575@iatim.tech,Stephanie Potts,4875-3126-8688-0732,Wells Fargo
168,Lecturer,Maia_Gray2116@acrit.org,Maia Gray,7366-7652-3158-7363,MasterCard
169,Assistant Buyer,Anthony_Hancock9083@qater.org,Anthony Hancock,0832-3357-6010-6550,American Express
170,Pharmacist,Grace_Carter6572@nanoff.biz,Grace Carter,8086-5543-2884-3417,Wells Fargo
171,Bellman,Liliana_Kelly1630@naiker.biz,Liliana Kelly,5844-6786-8086-5682,Wells Fargo
172,Laboratory Technician,Boris_Edley2953@womeona.net,Boris Edley,7416-4687-4854-8766,Wells Fargo
173,Pharmacist,Sebastian_Ingram5921@womeona.net,Sebastian Ingram,8261-2885-8176-0870,MasterCard
174,Chef Manager,Francesca_Dixon8335@deons.tech,Francesca Dixon,1626-7806-5478-4472,Bank of America
175,Dentist,Hannah_Ellison9896@bungar.biz,Hannah Ellison,5447-5484-2108-2381,Citibank
176,Healthcare Specialist,Isabella_Willson5478@nanoff.biz,Isabella Willson,5177-4868-4623-0384,American Express
177,Staffing Consultant,Bree_Parker1037@mafthy.com,Bree Parker,5241-1587-3365-2660,Citibank
178,Paramedic,Adina_Boyle8787@kideod.biz,Adina Boyle,3648-3118-4266-6708,Chase
179,HR Specialist,Goldie_Steer3872@iatim.tech,Goldie Steer,7475-7075-2864-6048,Capital One
180,Assistant Buyer,Kieth_Emmett4167@nickia.com,Kieth Emmett,7405-2442-5778-0324,Discover
181,Mobile Developer,Elijah_Asher6273@gmail.com,Elijah Asher,0542-0666-7242-3345,Citibank
182,Pharmacist,Stephanie_Darcy3298@bauros.biz,Stephanie Darcy,0264-4020-5106-5576,American Express
183,Front Desk Coordinator,Catherine_Uttridge7292@zorer.org,Catherine Uttridge,6434-6657-2788-7035,Visa
184,Doctor,Kurt_Wellington7802@corti.com,Kurt Wellington,6160-3164-0571-6633,UnionPay
185,Web Developer,Tony_Rose5831@tonsy.org,Tony Rose,1560-5872-1473-1501,Discover
186,Food Technologist,Rocco_Redwood583@iatim.tech,Rocco Redwood,8834-0805-2035-3324,Capital One
187,Bookkeeper,Joy_Walsh1627@brety.org,Joy Walsh,1586-3878-2222-0582,Maestro
188,Pharmacist,Wade_Holmes7255@twipet.com,Wade Holmes,4728-4782-3285-0100,Capital One
189,Treasurer,Chester_James7934@corti.com,Chester James,0424-4527-1238-2584,Wells Fargo
190,Accountant,Ivy_Driscoll8949@grannar.com,Ivy Driscoll,7882-8612-1056-4741,Visa
191,Loan Officer,Gabriel_Flett5372@atink.com,Gabriel Flett,5535-1852-5140-5740,UnionPay
192,Assistant Buyer,Oliver_Knight4399@fuliss.net,Oliver Knight,7330-2356-8252-0807,Chase
193,IT Support Staff,Eden_Crawford5855@acrit.org,Eden Crawford,4483-2474-2212-3628,Capital One
194,Mobile Developer,Maia_Archer6553@qater.org,Maia Archer,5456-1380-4338-6641,Wells Fargo
195,Project Manager,Nicholas_Stubbs3276@vetan.org,Nicholas Stubbs,1414-2546-6072-2757,Citibank
196,Loan Officer,Wade_Khan6086@twipet.com,Wade Khan,1363-2250-6020-4481,Capital One
197,Cook,Ally_Rose8531@twace.org,Ally Rose,6056-7620-3676-2804,Maestro
198,Machine Operator,Harvey_Moore7505@extex.org,Harvey Moore,4353-7464-5078-5485,UnionPay
199,Investment  Advisor,Ryan_Kennedy5565@corti.com,Ryan Kennedy,3166-6287-6242-7207,American Express
200,Stockbroker,Michaela_Murphy8359@ovock.tech,Michaela Murphy,4783-1022-5267-5557,Discover
